id,title,text,score,num_comments,created_utc,subreddit,url,author
12345ab,"AAPL earnings beat expectations - bullish outlook","Apple reported better than expected earnings last quarter. iPhone sales were up 15% year over year and services revenue hit an all-time high. I'm extremely bullish on their AR/VR roadmap and think the stock has room to run.",125,43,2023-07-15 14:30:00,wallstreetbets,https://www.reddit.com/r/wallstreetbets/comments/12345ab,trader123
67890cd,"TSLA - Risk of market saturation?","I'm concerned about Tesla's growth trajectory. Competition is heating up from traditional automakers, and margins are getting compressed. The stock seems overvalued at current levels. Anyone else concerned about market saturation in the EV space?",78,92,2023-07-16 10:15:00,investing,https://www.reddit.com/r/investing/comments/67890cd,ev_investor
abcde12,"MSFT cloud services growth might be slowing","Microsoft Azure growth came in at 27% this quarter, down from 35% last year. While still impressive, I'm wondering if cloud services are starting to mature as a market. Could this affect MSFT's long term growth prospects?",56,31,2023-07-18 09:45:00,stocks,https://www.reddit.com/r/stocks/comments/abcde12,techanalyst
fghij34,"NVDA - AI boom driving unprecedented demand","NVIDIA cannot keep up with demand for their AI chips. The stock has had an incredible run but I think there's still massive upside. Every major tech company is racing to build AI infrastructure and NVDA has the best chips on the market.",210,87,2023-07-20 16:20:00,wallstreetbets,https://www.reddit.com/r/wallstreetbets/comments/fghij34,ai_bull
klmno56,"AMZN - Prime Day results exceeded expectations","Amazon just announced that Prime Day sales were up 25% compared to last year. This is much better than analysts were expecting given the economic environment. I think this shows incredible resilience in Amazon's business model.",95,42,2023-07-22 11:30:00,investing,https://www.reddit.com/r/investing/comments/klmno56,retail_guru
pqrst78,"META layoffs concerning despite stock performance","Meta announced another round of layoffs today. While the stock has performed well this year, I'm worried about their strategic direction. The metaverse investments haven't shown much promise, and the core business is facing regulatory headwinds.",63,58,2023-07-24 13:15:00,stocks,https://www.reddit.com/r/stocks/comments/pqrst78,tech_skeptic
uvwxy90,"AAPL entering the AI race too late?","With all the buzz around AI, Apple seems late to the game. Their privacy-focused approach might limit their ability to compete with other tech giants in this space. Could this affect their dominance in the long term?",72,63,2023-07-26 10:45:00,stocks,https://www.reddit.com/r/stocks/comments/uvwxy90,value_seeker
zab12cd,"TSLA - Production issues in the new Texas factory","Just heard from a friend working at Tesla that their Texas factory is having significant production issues. This could impact delivery numbers for the quarter. The stock might see some volatility when this becomes public.",187,126,2023-07-28 15:10:00,wallstreetbets,https://www.reddit.com/r/wallstreetbets/comments/zab12cd,insider_tip
efg34hi,"MSFT partnership with OpenAI looking incredibly valuable","Microsoft's early investment in OpenAI is looking like one of the best tech investments of the decade. ChatGPT and other AI tools are being integrated across the Microsoft suite and could drive significant revenue growth in the coming years.",114,47,2023-07-30 09:30:00,investing,https://www.reddit.com/r/investing/comments/efg34hi,ai_enthusiast
jkl56mn,"NVDA - Is the stock becoming too speculative?","NVIDIA has been on an incredible run, but I'm worried the valuation is getting detached from fundamentals. The P/E ratio is sky-high, and expectations might be impossible to meet. Are we seeing a bubble in AI stocks?",92,104,2023-08-01 14:20:00,stocks,https://www.reddit.com/r/stocks/comments/jkl56mn,contrarian_view
